Date,FTSEMIB
2015-01-02,19130.0
2015-01-05,18188.0
2015-01-06,18143.0
2015-01-07,18123.0
2015-01-08,18792.0
2015-01-09,18177.0
2015-01-12,18349.0
2015-01-13,18709.0
2015-01-14,18410.0
2015-01-15,18845.0
2015-01-16,19255.0
2015-01-19,19481.0
2015-01-20,19659.0
2015-01-21,19981.0
2015-01-22,20470.0
2015-01-23,20520.0
2015-01-26,20757.0
2015-01-27,20646.0
2015-01-28,20478.0
2015-01-29,20594.0
2015-01-30,20503.0
2015-02-02,20486.0
2015-02-03,21012.0
2015-02-04,20942.0
2015-02-05,20819.0
2015-02-06,20761.0
2015-02-09,20367.0
2015-02-10,20726.0
2015-02-11,20566.0
2015-02-12,21003.0
2015-02-13,21204.0
2015-02-16,21166.0
2015-02-17,21266.0
2015-02-18,21659.0
2015-02-19,21790.0
2015-02-20,21843.0
2015-02-23,21964.0
2015-02-24,22150.0
2015-02-25,21937.0
2015-02-26,22165.0
2015-02-27,22338.0
2015-03-02,22298.0
2015-03-03,21987.0
2015-03-04,22131.0
2015-03-05,22400.0
2015-03-06,22436.0
2015-03-09,22564.0
2015-03-10,22346.0
2015-03-11,22833.0
2015-03-12,22809.0
2015-03-13,22714.0
2015-03-16,22931.0
2015-03-17,22723.0
2015-03-18,22565.0
2015-03-19,22805.0
2015-03-20,23177.0
2015-03-23,23057.0
2015-03-24,23333.0
2015-03-25,23145.0
2015-03-26,22900.0
2015-03-27,22984.0
2015-03-30,23261.0
2015-03-31,23157.0
2015-04-01,23359.0
2015-04-02,23309.0
2015-04-07,23706.0
2015-04-08,23579.0
2015-04-09,23804.0
2015-04-10,23877.0
2015-04-13,24009.0
2015-04-14,23753.0
2015-04-15,24031.0
2015-04-16,23611.0
2015-04-17,23044.0
2015-04-20,23333.0
2015-04-21,23240.0
2015-04-22,23315.0
2015-04-23,23199.0
2015-04-24,23427.0
2015-04-27,23806.0
2015-04-28,23532.0
2015-04-29,22996.0
2015-04-30,23046.0
2015-05-04,23217.0
2015-05-05,22576.0
2015-05-06,22660.0
2015-05-07,22842.0
2015-05-08,23312.0
2015-05-11,23322.0
2015-05-12,23105.0
2015-05-13,23211.0
2015-05-14,23549.0
2015-05-15,23473.0
2015-05-18,23198.0
2015-05-19,23713.0
2015-05-20,23773.0
2015-05-21,23740.0
2015-05-22,23782.0
2015-05-25,23285.0
2015-05-26,23327.0
2015-05-27,23861.0
2015-05-28,23744.0
2015-05-29,23496.0
2015-06-01,23436.0
2015-06-02,23576.0
2015-06-03,23609.0
2015-06-04,23337.0
2015-06-05,22847.0
2015-06-08,22642.0
2015-06-09,22527.0
2015-06-10,23091.0
2015-06-11,23172.0
2015-06-12,22878.0
2015-06-15,22328.0
2015-06-16,22383.0
2015-06-17,22225.0
2015-06-18,22460.0
2015-06-19,22699.0
2015-06-22,23486.0
2015-06-23,23567.0
2015-06-24,23443.0
2015-06-25,23643.0
2015-06-26,23800.0
2015-06-29,22570.0
2015-06-30,22461.0
2015-07-01,22944.0
2015-07-02,22617.0
2015-07-03,22508.0
2015-07-06,21601.0
2015-07-07,20958.0
2015-07-08,21512.0
2015-07-09,22269.0
2015-07-10,22937.0
2015-07-13,23167.0
2015-07-14,23098.0
2015-07-15,23393.0
2015-07-16,23783.0
2015-07-17,23765.0
2015-07-20,24031.0
2015-07-21,23713.0
2015-07-22,23681.0
2015-07-23,23633.0
2015-07-24,23508.0
2015-07-27,22809.0
2015-07-28,23328.0
2015-07-29,23249.0
2015-07-30,23396.0
2015-07-31,23538.0
2015-08-03,23714.0
2015-08-04,23473.0
2015-08-05,23912.0
2015-08-06,23811.0
2015-08-07,23705.0
2015-08-10,23966.0
2015-08-11,23698.0
2015-08-12,22998.0
2015-08-13,23356.0
2015-08-14,23249.0
2015-08-17,23408.0
2015-08-18,23390.0
2015-08-19,22975.0
2015-08-20,22379.0
2015-08-21,21746.0
2015-08-24,20450.0
2015-08-25,21650.0
2015-08-26,21474.0
2015-08-27,22201.0
2015-08-28,21994.0
2015-08-31,21942.0
2015-09-01,21451.0
2015-09-02,21612.0
2015-09-03,22177.0
2015-09-04,21473.0
2015-09-07,21622.0
2015-09-08,21941.0
2015-09-09,22127.0
2015-09-10,21901.0
2015-09-11,21763.0
2015-09-14,21554.0
2015-09-15,21904.0
2015-09-16,22059.0
2015-09-17,22100.0
2015-09-18,21515.0
2015-09-21,21755.0
2015-09-22,21032.0
2015-09-23,21069.0
2015-09-24,20582.0
2015-09-25,21339.0
2015-09-28,20759.0
2015-09-29,20727.0
2015-09-30,21295.0
2015-10-01,21143.0
2015-10-02,21395.0
2015-10-05,21980.0
2015-10-06,22183.0
2015-10-07,22007.0
2015-10-08,22157.0
2015-10-09,22258.0
2015-10-12,22091.0
2015-10-13,22048.0
2015-10-14,21838.0
2015-10-15,22218.0
2015-10-16,22338.0
2015-10-19,22420.0
2015-10-20,22270.0
2015-10-21,22173.0
2015-10-22,22617.0
2015-10-23,22737.0
2015-10-26,22630.0
2015-10-27,22370.0
2015-10-28,22686.0
2015-10-29,22443.0
2015-10-30,22443.0
2015-11-02,22482.0
2015-11-03,22459.0
2015-11-04,22313.0
2015-11-05,22224.0
2015-11-06,22530.0
2015-11-09,22107.0
2015-11-10,22444.0
2015-11-11,22385.0
2015-11-12,21859.0
2015-11-13,21843.0
2015-11-16,21811.0
2015-11-17,22309.0
2015-11-18,22092.0
2015-11-19,22192.0
2015-11-20,22140.0
2015-11-23,22295.0
2015-11-24,21948.0
2015-11-25,22359.0
2015-11-26,22592.0
2015-11-27,22575.0
2015-11-30,22718.0
2015-12-01,22581.0
2015-12-02,22552.0
2015-12-03,21996.0
2015-12-04,22021.0
2015-12-07,22037.0
2015-12-08,21538.0
2015-12-09,21501.0
2015-12-10,21410.0
2015-12-11,21015.0
2015-12-14,20507.0
2015-12-15,21273.0
2015-12-16,21210.0
2015-12-17,21523.0
2015-12-18,21242.0
2015-12-21,21099.0
2015-12-22,21060.0
2015-12-23,21456.0
2015-12-28,21369.0
2015-12-29,21661.0
2015-12-30,21418.0
2016-01-04,20734.0
2016-01-05,20983.0
2016-01-06,20422.0
2016-01-07,20189.0
2016-01-08,19869.0
2016-01-11,19756.0
2016-01-12,19970.0
2016-01-13,20140.0
2016-01-14,19803.0
2016-01-15,19196.0
2016-01-18,18687.0
2016-01-19,18881.0
2016-01-20,17968.0
2016-01-21,18723.0
2016-01-22,19028.0
2016-01-25,18641.0
2016-01-26,18924.0
2016-01-27,18848.0
2016-01-28,18190.0
2016-01-29,18657.0
2016-02-01,18486.0
2016-02-02,17922.0
2016-02-03,17412.0
2016-02-04,17626.0
2016-02-05,17250.0
2016-02-08,16441.0
2016-02-09,15913.0
2016-02-10,16714.0
2016-02-11,15773.0
2016-02-12,16515.0
2016-02-15,17042.0
2016-02-16,16958.0
2016-02-17,17378.0
2016-02-18,17112.0
2016-02-19,16910.0
2016-02-22,17505.0
2016-02-23,17163.0
2016-02-24,16719.0
2016-02-25,17105.0
2016-02-26,17484.0
2016-02-29,17623.0
2016-03-01,18012.0
2016-03-02,18206.0
2016-03-03,18349.0
2016-03-04,18279.0
2016-03-07,18059.0
2016-03-08,18018.0
2016-03-09,18209.0
2016-03-10,18118.0
2016-03-11,18988.0
2016-03-14,18982.0
2016-03-15,18765.0
2016-03-16,18732.0
2016-03-17,18608.0
2016-03-18,18611.0
2016-03-21,18697.0
2016-03-22,18699.0
2016-03-23,18463.0
2016-03-24,18166.0
2016-03-29,18172.0
2016-03-30,18375.0
2016-03-31,18117.0
2016-04-01,17777.0
2016-04-04,17639.0
2016-04-05,17109.0
2016-04-06,17241.0
2016-04-07,16818.0
2016-04-08,17505.0
2016-04-11,17723.0
2016-04-12,17445.0
2016-04-13,18166.0
2016-04-14,18329.0
2016-04-15,18257.0
2016-04-18,18358.0
2016-04-19,18448.0
2016-04-20,18658.0
2016-04-21,18733.0
2016-04-22,18687.0
2016-04-25,18403.0
2016-04-26,18670.0
2016-04-27,18751.0
2016-04-28,18977.0
2016-04-29,18601.0
2016-05-02,18420.0
2016-05-03,17967.0
2016-05-04,17936.0
2016-05-05,17924.0
2016-05-06,17843.0
2016-05-09,17686.0
2016-05-10,17935.0
2016-05-11,17698.0
2016-05-12,17651.0
2016-05-13,17729.0
2016-05-16,17737.0
2016-05-17,17499.0
2016-05-18,17714.0
2016-05-19,17546.0
2016-05-20,17812.0
2016-05-23,17325.0
2016-05-24,17904.0
2016-05-25,18201.0
2016-05-26,18217.0
2016-05-27,18186.0
2016-05-30,18291.0
2016-05-31,18025.0
2016-06-01,17811.0
2016-06-02,17767.0
2016-06-03,17495.0
2016-06-06,17625.0
2016-06-07,17975.0
2016-06-08,17910.0
2016-06-09,17764.0
2016-06-10,17120.0
2016-06-13,16622.0
2016-06-14,16271.0
2016-06-15,16514.0
2016-06-16,16352.0
2016-06-17,16923.0
2016-06-20,17353.0
2016-06-21,17431.0
2016-06-22,17323.0
2016-06-23,17966.0
2016-06-24,15724.0
2016-06-27,15104.0
2016-06-28,15602.0
2016-06-29,15947.0
2016-06-30,16198.0
2016-07-01,16296.0
2016-07-04,16012.0
2016-07-05,15780.0
2016-07-06,15424.0
2016-07-07,15436.0
2016-07-08,16066.0
2016-07-11,16261.0
2016-07-12,16721.0
2016-07-13,16528.0
2016-07-14,16798.0
2016-07-15,16749.0
2016-07-18,16763.0
2016-07-19,16674.0
2016-07-20,16764.0
2016-07-21,16805.0
2016-07-22,16779.0
2016-07-25,16692.0
2016-07-26,16697.0
2016-07-27,16863.0
2016-07-28,16523.0
2016-07-29,16847.0
2016-08-01,16555.0
2016-08-02,16098.0
2016-08-03,16130.0
2016-08-04,16236.0
2016-08-05,16626.0
2016-08-08,16744.0
2016-08-09,16796.0
2016-08-10,16792.0
2016-08-11,16970.0
2016-08-12,16998.0
2016-08-16,16793.0
2016-08-17,16528.0
2016-08-18,16674.0
2016-08-19,16310.0
2016-08-22,16369.0
2016-08-23,16778.0
2016-08-24,16892.0
2016-08-25,16711.0
2016-08-26,16844.0
2016-08-29,16655.0
2016-08-30,16891.0
2016-08-31,16943.0
2016-09-01,16923.0
2016-09-02,17184.0
2016-09-05,17190.0
2016-09-06,17053.0
2016-09-07,17293.0
2016-09-08,17376.0
2016-09-09,17156.0
2016-09-12,16840.0
2016-09-13,16548.0
2016-09-14,16540.0
2016-09-15,16595.0
2016-09-16,16192.0
2016-09-19,16399.0
2016-09-20,16207.0
2016-09-21,16350.0
2016-09-22,16638.0
2016-09-23,16453.0
2016-09-26,16192.0
2016-09-27,16135.0
2016-09-28,16222.0
2016-09-29,16339.0
2016-09-30,16401.0
2016-10-03,16274.0
2016-10-04,16308.0
2016-10-05,16477.0
2016-10-06,16492.0
2016-10-07,16405.0
2016-10-10,16632.0
2016-10-11,16474.0
2016-10-12,16470.0
2016-10-13,16269.0
2016-10-14,16591.0
2016-10-17,16630.0
2016-10-18,16967.0
2016-10-19,17044.0
2016-10-20,17141.0
2016-10-21,17167.0
2016-10-24,17306.0
2016-10-25,17230.0
2016-10-26,17281.0
2016-10-27,17426.0
2016-10-28,17324.0
2016-10-31,17125.0
2016-11-01,16898.0
2016-11-02,16475.0
2016-11-03,16420.0
2016-11-04,16319.0
2016-11-07,16737.0
2016-11-08,16817.0
2016-11-09,16800.0
2016-11-10,16805.0
2016-11-11,16812.0
2016-11-14,16686.0
2016-11-15,16682.0
2016-11-16,16560.0
2016-11-17,16555.0
2016-11-18,16266.0
2016-11-21,16297.0
2016-11-22,16520.0
2016-11-23,16532.0
2016-11-24,16501.0
2016-11-25,16515.0
2016-11-28,16217.0
2016-11-29,16562.0
2016-11-30,16930.0
2016-12-01,17098.0
2016-12-02,17087.0
2016-12-05,17050.0
2016-12-06,17758.0
2016-12-07,18131.0
2016-12-08,18428.0
2016-12-09,18293.0
2016-12-12,18370.0
2016-12-13,18828.0
2016-12-14,18606.0
2016-12-15,18995.0
2016-12-16,19015.0
2016-12-19,18969.0
2016-12-20,19247.0
2016-12-21,19216.0
2016-12-22,19121.0
2016-12-23,19345.0
2016-12-27,19391.0
2016-12-28,19239.0
2016-12-29,19204.0
2016-12-30,19235.0
2017-01-02,19567.0
2017-01-03,19573.0
2017-01-04,19627.0
2017-01-05,19643.0
2017-01-06,19688.0
2017-01-09,19360.0
2017-01-10,19424.0
2017-01-11,19487.0
2017-01-12,19157.0
2017-01-13,19515.0
2017-01-16,19247.0
2017-01-17,19296.0
2017-01-18,19358.0
2017-01-19,19491.0
2017-01-20,19479.0
2017-01-23,19328.0
2017-01-24,19500.0
2017-01-25,19582.0
2017-01-26,19440.0
2017-01-27,19329.0
2017-01-30,18759.0
2017-01-31,18591.0
2017-02-01,18741.0
2017-02-02,18889.0
2017-02-03,19116.0
2017-02-06,18694.0
2017-02-07,18663.0
2017-02-08,18772.0
2017-02-09,18947.0
2017-02-10,18862.0
2017-02-13,19065.0
2017-02-14,19188.0
2017-02-15,19056.0
2017-02-16,19088.0
2017-02-17,19006.0
2017-02-20,18979.0
2017-02-21,19044.0
2017-02-22,18885.0
2017-02-23,18819.0
2017-02-24,18597.0
2017-02-27,18914.0
2017-02-28,18913.0
2017-03-01,19364.0
2017-03-02,19441.0
2017-03-03,19664.0
2017-03-06,19450.0
2017-03-07,19455.0
2017-03-08,19482.0
2017-03-09,19571.0
2017-03-10,19658.0
2017-03-13,19707.0
2017-03-14,19537.0
2017-03-15,19774.0
2017-03-16,20110.0
2017-03-17,20074.0
2017-03-20,19969.0
2017-03-21,19919.0
2017-03-22,19953.0
2017-03-23,20167.0
2017-03-24,20188.0
2017-03-27,20124.0
2017-03-28,20330.0
2017-03-29,20277.0
2017-03-30,20368.0
2017-03-31,20493.0
2017-04-03,20243.0
2017-04-04,20257.0
2017-04-05,20253.0
2017-04-06,20297.0
2017-04-07,20300.0
2017-04-10,20202.0
2017-04-11,20109.0
2017-04-12,20005.0
2017-04-13,19774.0
2017-04-18,19443.0
2017-04-19,19825.0
2017-04-20,19849.0
2017-04-21,19742.0
2017-04-24,20684.0
2017-04-25,20806.0
2017-04-26,20837.0
2017-04-27,20597.0
2017-04-28,20609.0
2017-05-02,20733.0
2017-05-03,20759.0
2017-05-04,21170.0
2017-05-05,21484.0
2017-05-08,21428.0
2017-05-09,21487.0
2017-05-10,21553.0
2017-05-11,21483.0
2017-05-12,21575.0
2017-05-15,21704.0
2017-05-16,21788.0
2017-05-17,21284.0
2017-05-18,21299.0
2017-05-19,21568.0
2017-05-22,21319.0
2017-05-23,21416.0
2017-05-24,21370.0
2017-05-25,21292.0
2017-05-26,21211.0
2017-05-29,20784.0
2017-05-30,20814.0
2017-05-31,20732.0
2017-06-01,20936.0
2017-06-02,20928.0
2017-06-05,20721.0
2017-06-06,20760.0
2017-06-07,20740.0
2017-06-08,21042.0
2017-06-09,21122.0
2017-06-12,20910.0
2017-06-13,21089.0
2017-06-14,20961.0
2017-06-15,20848.0
2017-06-16,20941.0
2017-06-19,21014.0
2017-06-20,20810.0
2017-06-21,21072.0
2017-06-22,20930.0
2017-06-23,20834.0
2017-06-26,21002.0
2017-06-27,20791.0
2017-06-28,21048.0
2017-06-29,20705.0
2017-06-30,20584.0
2017-07-03,21013.0
2017-07-04,21031.0
2017-07-05,20939.0
2017-07-06,21084.0
2017-07-07,21015.0
2017-07-10,21191.0
2017-07-11,21112.0
2017-07-12,21433.0
2017-07-13,21522.0
2017-07-14,21492.0
2017-07-17,21485.0
2017-07-18,21358.0
2017-07-19,21479.0
2017-07-20,21439.0
2017-07-21,21202.0
2017-07-24,21327.0
2017-07-25,21457.0
2017-07-26,21578.0
2017-07-27,21635.0
2017-07-28,21430.0
2017-07-31,21487.0
2017-08-01,21613.0
2017-08-02,21574.0
2017-08-03,21794.0
2017-08-04,21936.0
2017-08-07,22031.0
2017-08-08,22048.0
2017-08-09,21848.0
2017-08-10,21682.0
2017-08-11,21354.0
2017-08-14,21722.0
2017-08-16,21985.0
2017-08-17,21789.0
2017-08-18,21815.0
2017-08-21,21753.0
2017-08-22,21729.0
2017-08-23,21620.0
2017-08-24,21730.0
2017-08-25,21747.0
2017-08-28,21726.0
2017-08-29,21409.0
2017-08-30,21503.0
2017-08-31,21670.0
2017-09-01,21859.0
2017-09-04,21791.0
2017-09-05,21738.0
2017-09-06,21815.0
2017-09-07,21723.0
2017-09-08,21777.0
2017-09-11,22134.0
2017-09-12,22233.0
2017-09-13,22233.0
2017-09-14,22281.0
2017-09-15,22229.0
2017-09-18,22365.0
2017-09-19,22425.0
2017-09-20,22356.0
2017-09-21,22492.0
2017-09-22,22531.0
2017-09-25,22390.0
2017-09-26,22431.0
2017-09-27,22622.0
2017-09-28,22588.0
2017-09-29,22696.0
2017-10-02,22811.0
2017-10-03,22785.0
2017-10-04,22456.0
2017-10-05,22566.0
2017-10-06,22392.0
2017-10-09,22477.0
2017-10-10,22336.0
2017-10-11,22552.0
2017-10-12,22399.0
2017-10-13,22414.0
2017-10-16,22428.0
2017-10-17,22338.0
2017-10-18,22355.0
2017-10-19,22133.0
2017-10-20,22347.0
2017-10-23,22379.0
2017-10-24,22630.0
2017-10-25,22446.0
2017-10-26,22807.0
2017-10-27,22665.0
2017-10-30,22753.0
2017-10-31,22794.0
2017-11-01,22992.0
2017-11-02,23046.0
2017-11-03,23014.0
2017-11-06,23003.0
2017-11-07,22963.0
2017-11-08,22831.0
2017-11-09,22641.0
2017-11-10,22561.0
2017-11-13,22438.0
2017-11-14,22297.0
2017-11-15,22159.0
2017-11-16,22207.0
2017-11-17,22093.0
2017-11-20,22189.0
2017-11-21,22326.0
2017-11-22,22315.0
2017-11-23,22398.0
2017-11-24,22416.0
2017-11-27,22177.0
2017-11-28,22292.0
2017-11-29,22326.0
2017-11-30,22368.0
2017-12-01,22106.0
2017-12-04,22362.0
2017-12-05,22416.0
2017-12-06,22307.0
2017-12-07,22460.0
2017-12-08,22774.0
2017-12-11,22691.0
2017-12-12,22727.0
2017-12-13,22400.0
2017-12-14,22192.0
2017-12-15,22094.0
2017-12-18,22391.0
2017-12-19,22275.0
2017-12-20,22110.0
2017-12-21,22240.0
2017-12-22,22209.0
2017-12-27,22201.0
2017-12-28,22121.0
2017-12-29,21853.0
2018-01-02,21845.0
2018-01-03,21905.0
2018-01-04,22512.0
2018-01-05,22762.0
2018-01-08,22846.0
2018-01-09,23005.0
2018-01-10,23157.0
2018-01-11,23305.0
2018-01-12,23430.0
2018-01-15,23544.0
2018-01-16,23495.0
2018-01-17,23515.0
2018-01-18,23631.0
2018-01-19,23749.0
2018-01-22,23890.0
2018-01-23,23837.0
2018-01-24,23623.0
2018-01-25,23720.0
2018-01-26,23857.0
2018-01-29,23802.0
2018-01-30,23481.0
2018-01-31,23507.0
2018-02-01,23541.0
2018-02-02,23203.0
2018-02-05,22822.0
2018-02-06,22347.0
2018-02-07,22986.0
2018-02-08,22467.0
2018-02-09,22167.0
2018-02-12,22337.0
2018-02-13,22034.0
2018-02-14,22434.0
2018-02-15,22496.0
2018-02-16,22798.0
2018-02-19,22569.0
2018-02-20,22674.0
2018-02-21,22653.0
2018-02-22,22464.0
2018-02-23,22672.0
2018-02-26,22706.0
2018-02-27,22724.0
2018-02-28,22608.0
2018-03-01,22448.0
2018-03-02,21912.0
2018-03-05,21820.0
2018-03-06,22203.0
2018-03-07,22473.0
2018-03-08,22731.0
2018-03-09,22746.0
2018-03-12,22765.0
2018-03-13,22691.0
2018-03-14,22452.0
2018-03-15,22713.0
2018-03-16,22858.0
2018-03-19,22633.0
2018-03-20,22798.0
2018-03-21,22820.0
2018-03-22,22398.0
2018-03-23,22289.0
2018-03-26,22012.0
2018-03-27,22210.0
2018-03-28,22331.0
2018-03-29,22411.0
2018-04-03,22510.0
2018-04-04,22443.0
2018-04-05,22970.0
2018-04-06,22930.0
2018-04-09,23054.0
2018-04-10,23174.0
2018-04-11,23013.0
2018-04-12,23305.0
2018-04-13,23330.0
2018-04-16,23329.0
2018-04-17,23649.0
2018-04-18,23760.0
2018-04-19,23792.0
2018-04-20,23829.0
2018-04-23,23983.0
2018-04-24,24035.0
2018-04-25,23801.0
2018-04-26,24040.0
2018-04-27,23928.0
2018-04-30,23979.0
2018-05-02,24266.0
2018-05-03,24064.0
2018-05-04,24335.0
2018-05-07,24544.0
2018-05-08,24143.0
2018-05-09,24267.0
2018-05-10,24034.0
2018-05-11,24159.0
2018-05-14,24221.0
2018-05-15,24297.0
2018-05-16,23734.0
2018-05-17,23802.0
2018-05-18,23450.0
2018-05-21,23092.0
2018-05-22,23217.0
2018-05-23,22912.0
2018-05-24,22749.0
2018-05-25,22398.0
2018-05-28,21933.0
2018-05-29,21351.0
2018-05-30,21798.0
2018-05-31,21784.0
2018-06-01,22110.0
2018-06-04,22010.0
2018-06-05,21750.0
2018-06-06,21808.0
2018-06-07,21768.0
2018-06-08,21356.0
2018-06-11,22086.0
2018-06-12,22120.0
2018-06-13,22216.0
2018-06-14,22486.0
2018-06-15,22190.0
2018-06-18,22099.0
2018-06-19,22084.0
2018-06-20,22121.0
2018-06-21,21673.0
2018-06-22,21888.0
2018-06-25,21355.0
2018-06-26,21419.0
2018-06-27,21558.0
2018-06-28,21432.0
2018-06-29,21626.0
2018-07-02,21427.0
2018-07-03,21764.0
2018-07-04,21687.0
2018-07-05,21914.0
2018-07-06,21926.0
2018-07-09,22033.0
2018-07-10,22057.0
2018-07-11,21708.0
2018-07-12,21790.0
2018-07-13,21892.0
2018-07-16,21823.0
2018-07-17,21978.0
2018-07-18,21972.0
2018-07-19,21885.0
2018-07-20,21795.0
2018-07-23,21605.0
2018-07-24,21875.0
2018-07-25,21561.0
2018-07-26,21863.0
2018-07-27,21955.0
2018-07-30,21941.0
2018-07-31,22216.0
2018-08-01,21791.0
2018-08-02,21415.0
2018-08-03,21587.0
2018-08-06,21580.0
2018-08-07,21854.0
2018-08-08,21790.0
2018-08-09,21634.0
2018-08-10,21091.0
2018-08-13,20969.0
2018-08-14,20906.0
2018-08-16,20524.0
2018-08-17,20415.0
2018-08-20,20471.0
2018-08-21,20784.0
2018-08-22,20700.0
2018-08-23,20609.0
2018-08-24,20742.0
2018-08-27,20798.0
2018-08-28,20620.0
2018-08-29,20760.0
2018-08-30,20495.0
2018-08-31,20269.0
2018-09-03,20396.0
2018-09-04,20601.0
2018-09-05,20582.0
2018-09-06,20527.0
2018-09-07,20448.0
2018-09-10,20919.0
2018-09-11,20854.0
2018-09-12,20963.0
2018-09-13,20846.0
2018-09-14,20885.0
2018-09-17,21111.0
2018-09-18,21228.0
2018-09-19,21281.0
2018-09-20,21388.0
2018-09-21,21537.0
2018-09-24,21340.0
2018-09-25,21669.0
2018-09-26,21646.0
2018-09-27,21511.0
2018-09-28,20712.0
2018-10-01,20610.0
2018-10-02,20562.0
2018-10-03,20736.0
2018-10-04,20613.0
2018-10-05,20346.0
2018-10-08,19851.0
2018-10-09,20062.0
2018-10-10,19719.0
2018-10-11,19357.0
2018-10-12,19256.0
2018-10-15,19288.0
2018-10-16,19718.0
2018-10-17,19455.0
2018-10-18,19088.0
2018-10-19,19080.0
2018-10-22,18966.0
2018-10-23,18802.0
2018-10-24,18485.0
2018-10-25,18815.0
2018-10-26,18683.0
2018-10-29,19040.0
2018-10-30,18999.0
2018-10-31,19050.0
2018-11-01,19185.0
2018-11-02,19390.0
2018-11-05,19281.0
2018-11-06,19268.0
2018-11-07,19541.0
2018-11-08,19429.0
2018-11-09,19258.0
2018-11-12,19056.0
2018-11-13,19227.0
2018-11-14,19077.0
2018-11-15,18905.0
2018-11-16,18878.0
2018-11-19,18823.0
2018-11-20,18471.0
2018-11-21,18732.0
2018-11-22,18603.0
2018-11-23,18715.0
2018-11-26,19233.0
2018-11-27,19150.0
2018-11-28,19115.0
2018-11-29,19160.0
2018-11-30,19189.0
2018-12-03,19622.0
2018-12-04,19353.0
2018-12-05,19329.0
2018-12-06,18644.0
2018-12-07,18742.0
2018-12-10,18410.0
2018-12-11,18591.0
2018-12-12,18946.0
2018-12-13,19049.0
2018-12-14,18911.0
2018-12-17,18693.0
2018-12-18,18645.0
2018-12-19,18942.0
2018-12-20,18577.0
2018-12-21,18397.0
2018-12-27,18065.0
2018-12-28,18324.0
2019-01-02,18331.0
2019-01-03,18218.0
2019-01-04,18832.0
2019-01-07,18953.0
2019-01-08,19000.0
2019-01-09,19179.0
2019-01-10,19301.0
2019-01-11,19290.0
2019-01-14,19171.0
2019-01-15,19165.0
2019-01-16,19478.0
2019-01-17,19470.0
2019-01-18,19708.0
2019-01-21,19639.0
2019-01-22,19437.0
2019-01-23,19400.0
2019-01-24,19564.0
2019-01-25,19811.0
2019-01-28,19608.0
2019-01-29,19702.0
2019-01-30,19772.0
2019-01-31,19731.0
2019-02-01,19577.0
2019-02-04,19606.0
2019-02-05,19833.0
2019-02-06,19996.0
2019-02-07,19478.0
2019-02-08,19352.0
2019-02-11,19587.0
2019-02-12,19805.0
2019-02-13,19990.0
2019-02-14,19835.0
2019-02-15,20212.0
2019-02-18,20330.0
2019-02-19,20228.0
2019-02-20,20304.0
2019-02-21,20210.0
2019-02-22,20263.0
2019-02-25,20437.0
2019-02-26,20460.0
2019-02-27,20499.0
2019-02-28,20659.0
2019-03-01,20695.0
2019-03-04,20718.0
2019-03-05,20716.0
2019-03-06,20852.0
2019-03-07,20698.0
2019-03-08,20484.0
2019-03-11,20638.0
2019-03-12,20631.0
2019-03-13,20749.0
2019-03-14,20877.0
2019-03-15,21045.0
2019-03-18,21235.0
2019-03-19,21430.0
2019-03-20,21330.0
2019-03-21,21373.0
2019-03-22,21079.0
2019-03-25,21060.0
2019-03-26,21139.0
2019-03-27,21194.0
2019-03-28,21081.0
2019-03-29,21286.0
2019-04-01,21520.0
2019-04-02,21523.0
2019-04-03,21756.0
2019-04-04,21706.0
2019-04-05,21759.0
2019-04-08,21772.0
2019-04-09,21672.0
2019-04-10,21672.0
2019-04-11,21685.0
2019-04-12,21858.0
2019-04-15,21892.0
2019-04-16,21919.0
2019-04-17,22001.0
2019-04-18,21957.0
2019-04-23,21897.0
2019-04-24,21724.0
2019-04-25,21720.0
2019-04-26,21738.0
2019-04-29,21789.0
2019-04-30,21881.0
2019-05-02,21710.0
2019-05-03,21763.0
2019-05-06,21409.0
2019-05-07,21219.0
2019-05-08,21204.0
2019-05-09,20817.0
2019-05-10,20875.0
2019-05-13,20594.0
2019-05-14,20893.0
2019-05-15,20863.0
2019-05-16,21152.0
2019-05-17,21105.0
2019-05-20,20540.0
2019-05-21,20699.0
2019-05-22,20573.0
2019-05-23,20136.0
2019-05-24,20376.0
2019-05-27,20363.0
2019-05-28,20261.0
2019-05-29,20000.0
2019-05-30,19948.0
2019-05-31,19802.0
2019-06-03,19874.0
2019-06-04,20229.0
2019-06-05,20156.0
2019-06-06,20178.0
2019-06-07,20361.0
2019-06-10,20485.0
2019-06-11,20610.0
2019-06-12,20463.0
2019-06-13,20631.0
2019-06-14,20612.0
2019-06-17,20626.0
2019-06-18,21134.0
2019-06-19,21221.0
2019-06-20,21361.0
2019-06-21,21389.0
2019-06-24,21284.0
2019-06-25,21128.0
2019-06-26,21057.0
2019-06-27,21111.0
2019-06-28,21235.0
2019-07-01,21254.0
2019-07-02,21393.0
2019-07-03,21905.0
2019-07-04,22121.0
2019-07-05,21986.0
2019-07-08,21976.0
2019-07-09,21886.0
2019-07-10,22045.0
2019-07-11,22169.0
2019-07-12,22183.0
2019-07-15,22178.0
2019-07-16,22204.0
2019-07-17,22079.0
2019-07-18,22091.0
2019-07-19,21641.0
2019-07-22,21736.0
2019-07-23,21955.0
2019-07-24,22080.0
2019-07-25,21903.0
2019-07-26,21838.0
2019-07-29,21709.0
2019-07-30,21278.0
2019-07-31,21398.0
2019-08-01,21567.0
2019-08-02,21047.0
2019-08-05,20773.0
2019-08-06,20632.0
2019-08-07,20539.0
2019-08-08,20841.0
2019-08-09,20324.0
2019-08-12,20264.0
2019-08-13,20539.0
2019-08-14,20020.0
2019-08-16,20323.0
2019-08-19,20715.0
2019-08-20,20485.0
2019-08-21,20847.0
2019-08-22,20817.0
2019-08-23,20474.0
2019-08-26,20677.0
2019-08-27,20991.0
2019-08-28,20991.0
2019-08-29,21398.0
2019-08-30,21323.0
2019-09-02,21452.0
2019-09-03,21399.0
2019-09-04,21738.0
2019-09-05,21955.0
2019-09-06,21947.0
2019-09-09,21990.0
2019-09-10,21869.0
2019-09-11,21892.0
2019-09-12,22083.0
2019-09-13,22181.0
2019-09-16,21969.0
2019-09-17,21802.0
2019-09-18,21948.0
2019-09-19,22128.0
2019-09-20,22123.0
2019-09-23,21900.0
2019-09-24,21901.0
2019-09-25,21788.0
2019-09-26,21948.0
2019-09-30,22108.0
2019-10-01,21928.0
2019-10-02,21298.0
2019-10-03,21312.0
2019-10-04,21470.0
2019-10-07,21652.0
2019-10-08,21406.0
2019-10-09,21534.0
2019-10-10,21756.0
2019-10-11,22165.0
2019-10-14,22098.0
2019-10-15,22365.0
2019-10-16,22428.0
2019-10-17,22376.0
2019-10-18,22322.0
2019-10-21,22478.0
2019-10-22,22487.0
2019-10-23,22351.0
2019-10-24,22527.0
2019-10-25,22609.0
2019-10-28,22696.0
2019-10-29,22681.0
2019-10-30,22646.0
2019-10-31,22694.0
2019-11-01,22934.0
2019-11-04,23311.0
2019-11-05,23365.0
2019-11-06,23373.0
2019-11-07,23503.0
2019-11-08,23534.0
2019-11-11,23490.0
2019-11-12,23782.0
2019-11-13,23578.0
2019-11-14,23481.0
2019-11-15,23589.0
2019-11-18,23464.0
2019-11-19,23329.0
2019-11-20,23352.0
2019-11-21,23280.0
2019-11-22,23260.0
2019-11-25,23455.0
2019-11-26,23547.0
2019-11-27,23485.0
2019-11-28,23342.0
2019-11-29,23259.0
2019-12-02,22729.0
2019-12-03,22737.0
2019-12-04,23034.0
2019-12-05,22969.0
2019-12-06,23183.0
2019-12-09,22957.0
2019-12-10,23123.0
2019-12-11,23156.0
2019-12-12,23391.0
2019-12-13,23329.0
2019-12-16,23525.0
2019-12-17,23631.0
2019-12-18,23629.0
2019-12-19,23709.0
2019-12-20,24004.0
2019-12-23,23898.0
2019-12-27,23758.0
2019-12-30,23506.0
2020-01-02,23836.0
2020-01-03,23702.0
2020-01-06,23581.0
2020-01-07,23723.0
2020-01-08,23832.0
2020-01-09,24017.0
2020-01-10,24021.0
2020-01-13,23897.0
2020-01-14,23928.0
2020-01-15,23764.0
2020-01-16,23940.0
2020-01-17,24141.0
2020-01-20,24002.0
2020-01-21,23845.0
2020-01-22,23706.0
2020-01-23,23707.0
2020-01-24,23969.0
2020-01-27,23416.0
2020-01-28,24028.0
2020-01-29,24165.0
2020-01-30,23781.0
2020-01-31,23237.0
2020-02-03,23460.0
2020-02-04,23845.0
2020-02-05,24237.0
2020-02-06,24490.0
2020-02-07,24478.0
2020-02-10,24508.0
2020-02-11,24689.0
2020-02-12,24861.0
2020-02-13,24892.0
2020-02-14,24867.0
2020-02-17,25121.0
2020-02-18,25224.0
2020-02-19,25478.0
2020-02-20,25080.0
2020-02-21,24773.0
2020-02-24,23427.0
2020-02-25,23090.0
2020-02-26,23423.0
2020-02-27,22799.0
2020-02-28,21984.0
2020-03-02,21655.0
2020-03-03,21748.0
2020-03-04,21946.0
2020-03-05,21555.0
2020-03-06,20800.0
2020-03-09,18476.0
2020-03-10,17870.0
2020-03-11,17929.0
2020-03-12,14894.0
2020-03-13,15954.0
2020-03-16,14980.0
2020-03-17,15315.0
2020-03-18,15120.0
2020-03-19,15467.0
2020-03-20,15732.0
2020-03-23,15560.0
2020-03-24,16949.0
2020-03-25,17244.0
2020-03-26,17369.0
2020-03-27,16823.0
2020-03-30,16872.0
2020-03-31,17051.0
2020-04-01,16545.0
2020-04-02,16834.0
2020-04-03,16384.0
2020-04-06,17039.0
2020-04-07,17412.0
2020-04-08,17381.0
2020-04-09,17622.0
2020-04-14,17558.0
2020-04-15,16719.0
2020-04-16,16768.0
2020-04-17,17055.0
2020-04-20,17064.0
2020-04-21,16451.0
2020-04-22,16765.0
2020-04-23,17011.0
2020-04-24,16859.0
2020-04-27,17380.0
2020-04-28,17677.0
2020-04-29,18067.0
2020-04-30,17690.0
2020-05-04,17036.0
2020-05-05,17387.0
2020-05-06,17159.0
2020-05-07,17245.0
2020-05-08,17439.0
2020-05-11,17381.0
2020-05-12,17559.0
2020-05-13,17183.0
2020-05-14,16868.0
2020-05-15,16852.0
2020-05-18,17401.0
2020-05-19,17035.0
2020-05-20,17213.0
2020-05-21,17087.0
2020-05-22,17316.0
2020-05-25,17596.0
2020-05-26,17860.0
2020-05-27,17910.0
2020-05-28,18351.0
2020-05-29,18198.0
2020-06-01,18524.0
2020-06-02,18971.0
2020-06-03,19642.0
2020-06-04,19634.0
2020-06-05,20188.0
2020-06-08,20231.0
2020-06-09,19930.0
2020-06-10,19758.0
2020-06-11,18807.0
2020-06-12,18888.0
2020-06-15,18969.0
2020-06-16,19626.0
2020-06-17,19586.0
2020-06-18,19486.0
2020-06-19,19619.0
2020-06-22,19479.0
2020-06-23,19842.0
2020-06-24,19163.0
2020-06-25,19235.0
2020-06-26,19124.0
2020-06-29,19447.0
2020-06-30,19376.0
2020-07-01,19331.0
2020-07-02,19887.0
2020-07-03,19727.0
2020-07-06,20032.0
2020-07-07,20013.0
2020-07-08,19900.0
2020-07-09,19506.0
2020-07-10,19768.0
2020-07-13,20003.0
2020-07-14,19880.0
2020-07-15,20281.0
2020-07-16,20356.0
2020-07-17,20419.0
2020-07-20,20621.0
2020-07-21,20723.0
2020-07-22,20599.0
2020-07-23,20454.0
2020-07-24,20075.0
2020-07-27,20020.0
2020-07-28,19903.0
2020-07-29,19881.0
2020-07-30,19228.0
2020-07-31,19092.0
2020-08-03,19380.0
2020-08-04,19614.0
2020-08-05,19740.0
2020-08-06,19475.0
2020-08-07,19516.0
2020-08-10,19652.0
2020-08-11,20209.0
2020-08-12,20437.0
2020-08-13,20257.0
2020-08-14,20028.0
2020-08-17,19950.0
2020-08-18,19846.0
2020-08-19,20055.0
2020-08-20,19767.0
2020-08-21,19695.0
2020-08-24,20113.0
2020-08-25,20030.0
2020-08-26,20137.0
2020-08-27,19847.0
2020-08-28,19841.0
2020-08-31,19634.0
2020-09-01,19595.0
2020-09-02,19858.0
2020-09-03,19551.0
2020-09-04,19391.0
2020-09-07,19738.0
2020-09-08,19380.0
2020-09-09,19771.0
2020-09-10,19820.0
2020-09-11,19821.0
2020-09-14,19794.0
2020-09-15,19957.0
2020-09-16,19964.0
2020-09-17,19740.0
2020-09-18,19525.0
2020-09-21,18793.0
2020-09-22,18896.0
2020-09-23,18930.0
2020-09-24,18907.0
2020-09-25,18698.0
2020-09-28,19160.0
2020-09-29,19061.0
2020-09-30,19015.0
2020-10-01,19062.0
2020-10-02,19064.0
2020-10-05,19266.0
2020-10-06,19430.0
2020-10-07,19435.0
2020-10-08,19582.0
2020-10-09,19595.0
2020-10-12,19719.0
2020-10-13,19559.0
2020-10-14,19608.0
2020-10-15,19065.0
2020-10-16,19390.0
2020-10-19,19374.0
2020-10-20,19482.0
2020-10-21,19086.0
2020-10-22,19077.0
2020-10-23,19285.0
2020-10-26,18945.0
2020-10-27,18655.0
2020-10-28,17898.0
2020-10-29,17872.0
2020-10-30,17943.0
2020-11-02,18400.0
2020-11-03,18986.0
2020-11-04,19358.0
2020-11-05,19731.0
2020-11-06,19682.0
2020-11-09,20750.0
2020-11-10,20852.0
2020-11-11,20993.0
2020-11-12,20818.0
2020-11-13,20904.0
2020-11-16,21317.0
2020-11-17,21435.0
2020-11-18,21623.0
2020-11-19,21536.0
2020-11-20,21707.0
2020-11-23,21702.0
2020-11-24,22145.0
2020-11-25,22304.0
2020-11-26,22201.0
2020-11-27,22352.0
2020-11-30,22061.0
2020-12-01,22100.0
2020-12-02,21972.0
2020-12-03,22007.0
2020-12-04,22179.0
2020-12-07,22107.0
2020-12-08,22053.0
2020-12-09,21970.0
2020-12-10,21916.0
2020-12-11,21702.0
2020-12-14,21760.0
2020-12-15,21935.0
2020-12-16,21987.0
2020-12-17,22012.0
2020-12-18,21976.0
2020-12-21,21411.0
2020-12-22,21844.0
2020-12-23,22130.0
2020-12-28,22289.0
2020-12-29,22259.0
2020-12-30,22233.0
2021-01-04,22316.0
2021-01-05,22201.0
2021-01-06,22734.0
2021-01-07,22746.0
2021-01-08,22794.0
2021-01-11,22722.0
2021-01-12,22646.0
2021-01-13,22744.0
2021-01-14,22638.0
2021-01-15,22381.0
2021-01-18,22499.0
2021-01-19,22442.0
2021-01-20,22651.0
2021-01-21,22429.0
2021-01-22,22088.0
2021-01-25,21736.0
2021-01-26,21987.0
2021-01-27,21663.0
2021-01-28,21917.0
2021-01-29,21573.0
2021-02-01,21826.0
2021-02-02,22067.0
2021-02-03,22528.0
2021-02-04,22901.0
2021-02-05,23083.0
2021-02-08,23426.0
2021-02-09,23300.0
2021-02-10,23265.0
2021-02-11,23307.0
2021-02-12,23411.0
2021-02-15,23604.0
2021-02-16,23441.0
2021-02-17,23179.0
2021-02-18,22922.0
2021-02-19,23136.0
2021-02-22,23009.0
2021-02-23,22939.0
2021-02-24,23098.0
2021-02-25,23064.0
2021-02-26,22849.0
2021-03-01,23265.0
2021-03-02,23084.0
2021-03-03,23047.0
2021-03-04,23093.0
2021-03-05,22966.0
2021-03-08,23682.0
2021-03-09,23817.0
2021-03-10,23926.0
2021-03-11,24121.0
2021-03-12,24113.0
2021-03-15,24139.0
2021-03-16,24261.0
2021-03-17,24281.0
2021-03-18,24360.0
2021-03-19,24199.0
2021-03-22,24263.0
2021-03-23,24114.0
2021-03-24,24209.0
2021-03-25,24219.0
2021-03-26,24393.0
2021-03-29,24421.0
2021-03-30,24636.0
2021-03-31,24649.0
2021-04-01,24710.0
2021-04-06,24761.0
2021-04-07,24741.0
2021-04-08,24577.0
2021-04-09,24429.0
2021-04-12,24457.0
2021-04-13,24600.0
2021-04-14,24575.0
2021-04-15,24529.0
2021-04-16,24744.0
2021-04-19,24691.0
2021-04-20,24089.0
2021-04-21,24161.0
2021-04-22,24398.0
2021-04-23,24386.0
2021-04-26,24514.0
2021-04-27,24473.0
2021-04-28,24460.0
2021-04-29,24278.0
2021-04-30,24141.0
2021-05-03,24420.0
2021-05-04,23978.0
2021-05-05,24464.0
2021-05-06,24495.0
2021-05-07,24612.0
2021-05-10,24803.0
2021-05-11,24396.0
2021-05-12,24453.0
2021-05-13,24486.0
2021-05-14,24766.0
2021-05-17,24863.0
2021-05-18,24880.0
2021-05-19,24487.0
2021-05-20,24702.0
2021-05-21,24975.0
2021-05-24,24891.0
2021-05-25,24893.0
2021-05-26,24778.0
2021-05-27,25056.0
2021-05-28,25169.0
2021-05-31,25171.0
2021-06-01,25322.0
2021-06-02,25380.0
2021-06-03,25452.0
2021-06-04,25570.0
2021-06-07,25825.0
2021-06-08,25809.0
2021-06-09,25742.0
2021-06-10,25638.0
2021-06-11,25717.0
2021-06-14,25758.0
2021-06-15,25737.0
2021-06-16,25768.0
2021-06-17,25714.0
2021-06-18,25218.0
2021-06-21,25398.0
2021-06-22,25316.0
2021-06-23,25077.0
2021-06-24,25422.0
2021-06-25,25511.0
2021-06-28,25227.0
2021-06-29,25357.0
2021-06-30,25102.0
2021-07-01,25286.0
2021-07-02,25282.0
2021-07-05,25441.0
2021-07-06,25228.0
2021-07-07,25285.0
2021-07-08,24641.0
2021-07-09,25052.0
2021-07-12,25283.0
2021-07-13,25157.0
2021-07-14,25194.0
2021-07-15,24876.0
2021-07-16,24793.0
2021-07-19,23966.0
2021-07-20,24107.0
2021-07-21,24676.0
2021-07-22,24805.0
2021-07-23,25125.0
2021-07-26,25296.0
2021-07-27,25087.0
2021-07-28,25262.0
2021-07-29,25516.0
2021-07-30,25363.0
2021-08-02,25352.0
2021-08-03,25356.0
2021-08-04,25490.0
2021-08-05,25666.0
2021-08-06,26000.0
2021-08-09,26139.0
2021-08-10,26201.0
2021-08-11,26457.0
2021-08-12,26558.0
2021-08-13,26653.0
2021-08-16,26449.0
2021-08-17,26225.0
2021-08-18,26357.0
2021-08-19,25929.0
2021-08-20,25918.0
2021-08-23,26046.0
2021-08-24,26028.0
2021-08-25,26060.0
2021-08-26,25862.0
2021-08-27,26007.0
2021-08-30,26024.0
2021-08-31,26009.0
2021-09-01,26182.0
2021-09-02,26233.0
2021-09-03,26065.0
2021-09-06,26263.0
2021-09-07,26074.0
2021-09-08,25877.0
2021-09-09,25910.0
2021-09-10,25686.0
2021-09-13,25926.0
2021-09-14,26027.0
2021-09-15,25762.0
2021-09-16,25964.0
2021-09-17,25710.0
2021-09-20,25048.0
2021-09-21,25353.0
2021-09-22,25717.0
2021-09-23,26081.0
2021-09-24,25969.0
2021-09-27,26132.0
2021-09-28,25573.0
2021-09-29,25737.0
2021-09-30,25684.0
2021-10-01,25615.0
2021-10-04,25461.0
2021-10-05,25956.0
2021-10-06,25606.0
2021-10-07,25992.0
2021-10-08,26051.0
2021-10-11,25930.0
2021-10-12,25990.0
2021-10-13,25959.0
2021-10-14,26278.0
2021-10-15,26489.0
2021-10-18,26269.0
2021-10-19,26333.0
2021-10-20,26582.0
2021-10-21,26525.0
2021-10-22,26572.0
2021-10-25,26816.0
2021-10-26,26971.0
2021-10-27,26806.0
2021-10-28,26890.0
2021-10-29,26876.0
2021-11-01,27206.0
2021-11-02,27190.0
2021-11-03,27378.0
2021-11-04,27522.0
2021-11-05,27796.0
2021-11-08,27711.0
2021-11-09,27441.0
2021-11-10,27561.0
2021-11-11,27633.0
2021-11-12,27732.0
2021-11-15,27868.0
2021-11-16,27805.0
2021-11-17,27825.0
2021-11-18,27662.0
2021-11-19,27337.0
2021-11-22,27383.0
2021-11-23,26939.0
2021-11-24,27109.0
2021-11-25,27099.0
2021-11-26,25853.0
2021-11-29,26042.0
2021-11-30,25814.0
2021-12-01,26372.0
2021-12-02,26005.0
2021-12-03,25939.0
2021-12-06,26498.0
2021-12-07,27138.0
2021-12-08,26752.0
2021-12-09,26817.0
2021-12-10,26722.0
2021-12-13,26551.0
2021-12-14,26557.0
2021-12-15,26666.0
2021-12-16,26782.0
2021-12-17,26611.0
2021-12-20,26178.0
2021-12-21,26653.0
2021-12-22,26828.0
2021-12-23,27016.0
2021-12-27,27231.0
2021-12-28,27445.0
2021-12-29,27344.0
2021-12-30,27347.0
2022-01-03,27730.0
2022-01-04,27955.0
2022-01-05,28163.0
2022-01-06,27656.0
2022-01-07,27618.0
2022-01-10,27354.0
2022-01-11,27535.0
2022-01-12,27714.0
2022-01-13,27844.0
2022-01-14,27544.0
2022-01-17,27689.0
2022-01-18,27483.0
2022-01-19,27371.0
2022-01-20,27570.0
2022-01-21,27061.0
2022-01-24,25973.0
2022-01-25,26029.0
2022-01-26,26619.0
2022-01-27,26882.0
2022-01-28,26565.0
2022-01-31,26814.0
2022-02-01,27225.0
2022-02-02,27389.0
2022-02-03,27089.0
2022-02-04,26604.0
2022-02-07,26329.0
2022-02-08,26412.0
2022-02-09,27129.0
2022-02-10,27190.0
2022-02-11,26966.0
2022-02-14,26415.0
2022-02-15,26968.0
2022-02-16,26969.0
2022-02-17,26669.0
2022-02-18,26507.0
2022-02-21,26050.0
2022-02-22,26044.0
2022-02-23,25955.0
2022-02-24,24878.0
2022-02-25,25773.0
2022-02-28,25416.0
2022-03-01,24364.0
2022-03-02,24534.0
2022-03-03,23959.0
2022-03-04,22465.0
2022-03-07,22160.0
2022-03-08,22336.0
2022-03-09,23889.0
2022-03-10,22887.0
2022-03-11,23041.0
2022-03-14,23427.0
2022-03-15,23500.0
2022-03-16,24285.0
2022-03-17,24124.0
2022-03-18,24222.0
2022-03-21,24295.0
2022-03-22,24534.0
2022-03-23,24299.0
2022-03-24,24401.0
2022-03-25,24559.0
2022-03-28,24713.0
2022-03-29,25308.0
2022-03-30,25300.0
2022-03-31,25021.0
2022-04-01,25163.0
2022-04-04,25176.0
2022-04-05,24960.0
2022-04-06,24447.0
2022-04-07,24303.0
2022-04-08,24819.0
2022-04-11,24749.0
2022-04-12,24667.0
2022-04-13,24722.0
2022-04-14,24862.0
2022-04-19,24624.0
2022-04-20,24878.0
2022-04-21,24806.0
2022-04-22,24280.0
2022-04-25,23909.0
2022-04-26,23682.0
2022-04-27,23830.0
2022-04-28,24056.0
2022-04-29,24252.0
2022-05-02,23857.0
2022-05-03,24242.0
2022-05-04,23902.0
2022-05-05,23760.0
2022-05-06,23476.0
2022-05-09,22833.0
2022-05-10,23070.0
2022-05-11,23724.0
2022-05-12,23566.0
2022-05-13,24048.0
2022-05-16,24033.0
2022-05-17,24302.0
2022-05-18,24086.0
2022-05-19,24065.0
2022-05-20,24095.0
2022-05-23,24137.0
2022-05-24,23876.0
2022-05-25,24250.0
2022-05-26,24547.0
2022-05-27,24636.0
2022-05-30,24809.0
2022-05-31,24505.0
2022-06-01,24284.0
2022-06-02,24427.0
2022-06-03,24167.0
2022-06-06,24566.0
2022-06-07,24366.0
2022-06-08,24237.0
2022-06-09,23777.0
2022-06-10,22547.0
2022-06-13,21918.0
2022-06-14,21847.0
2022-06-15,22474.0
2022-06-16,21727.0
2022-06-17,21789.0
2022-06-20,22004.0
2022-06-21,22089.0
2022-06-22,21789.0
2022-06-23,21615.0
2022-06-24,22119.0
2022-06-27,21929.0
2022-06-28,22101.0
2022-06-29,21834.0
2022-06-30,21294.0
2022-07-01,21355.0
2022-07-04,21344.0
2022-07-05,20705.0
2022-07-06,20921.0
2022-07-07,21558.0
2022-07-08,21774.0
2022-07-11,21568.0
2022-07-12,21486.0
2022-07-13,21286.0
2022-07-14,20554.0
2022-07-15,20933.0
2022-07-18,21169.0
2022-07-19,21696.0
2022-07-20,21348.0
2022-07-21,21197.0
2022-07-22,21212.0
2022-07-25,21383.0
2022-07-26,21160.0
2022-07-27,21481.0
2022-07-28,21932.0
2022-07-29,22405.0
2022-08-01,22429.0
2022-08-02,22351.0
2022-08-03,22575.0
2022-08-04,22646.0
2022-08-05,22587.0
2022-08-08,22728.0
2022-08-09,22488.0
2022-08-10,22702.0
2022-08-11,22858.0
2022-08-12,22971.0
2022-08-16,22998.0
2022-08-17,22758.0
2022-08-18,22986.0
2022-08-19,22535.0
2022-08-22,22166.0
2022-08-23,22380.0
2022-08-24,22431.0
2022-08-25,22454.0
2022-08-26,21895.0
2022-08-29,21842.0
2022-08-30,21825.0
2022-08-31,21559.0
2022-09-01,21302.0
2022-09-02,21921.0
2022-09-05,21480.0
2022-09-06,21481.0
2022-09-07,21489.0
2022-09-08,21678.0
2022-09-09,22095.0
2022-09-12,22610.0
2022-09-13,22304.0
2022-09-14,22413.0
2022-09-15,22366.0
2022-09-16,22111.0
2022-09-19,22141.0
2022-09-20,21774.0
2022-09-21,22036.0
2022-09-22,21799.0
2022-09-23,21067.0
2022-09-26,21207.0
2022-09-27,20961.0
2022-09-28,20853.0
2022-09-29,20353.0
2022-09-30,20649.0
2022-10-03,20973.0
2022-10-04,21691.0
2022-10-05,21361.0
2022-10-06,21141.0
2022-10-07,20902.0
2022-10-10,20913.0
2022-10-11,20731.0
2022-10-12,20467.0
2022-10-13,20786.0
2022-10-14,20931.0
2022-10-17,21320.0
2022-10-18,21519.0
2022-10-19,21472.0
2022-10-20,21702.0
2022-10-21,21568.0
2022-10-24,21983.0
2022-10-25,22290.0
2022-10-26,22390.0
2022-10-27,22590.0
2022-10-28,22529.0
2022-10-31,22652.0
2022-11-01,22796.0
2022-11-02,22803.0
2022-11-03,22706.0
2022-11-04,23282.0
2022-11-07,23493.0
2022-11-08,23694.0
2022-11-09,23780.0
2022-11-10,24394.0
2022-11-11,24456.0
2022-11-14,24597.0
2022-11-15,24700.0
2022-11-16,24531.0
2022-11-17,24340.0
2022-11-18,24675.0
2022-11-21,24356.0
2022-11-22,24591.0
2022-11-23,24581.0
2022-11-24,24731.0
2022-11-25,24719.0
2022-11-28,24441.0
2022-11-29,24466.0
2022-11-30,24610.0
2022-12-01,24686.0
2022-12-02,24622.0
2022-12-05,24548.0
2022-12-06,24265.0
2022-12-07,24241.0
2022-12-08,24207.0
2022-12-09,24277.0
2022-12-12,24304.0
2022-12-13,24637.0
2022-12-14,24574.0
2022-12-15,23726.0
2022-12-16,23688.0
2022-12-19,23684.0
2022-12-20,23718.0
2022-12-21,24112.0
2022-12-22,23813.0
2022-12-23,23878.0
2022-12-27,23856.0
2022-12-28,23770.0
2022-12-29,24057.0
2022-12-30,23707.0
2023-01-02,24158.0
2023-01-03,24436.0
2023-01-04,24861.0
2023-01-05,24833.0
2023-01-06,25180.0
2023-01-09,25385.0
2023-01-10,25365.0
2023-01-11,25547.0
2023-01-12,25734.0
2023-01-13,25783.0
2023-01-16,25901.0
2023-01-17,25981.0
2023-01-18,26052.0
2023-01-19,25596.0
2023-01-20,25776.0
2023-01-23,25821.0
2023-01-24,25884.0
2023-01-25,25875.0
2023-01-26,26218.0
2023-01-27,26436.0
2023-01-30,26336.0
2023-01-31,26600.0
2023-02-01,26704.0
2023-02-02,27101.0
2023-02-03,26951.0
2023-02-06,27022.0
2023-02-07,27119.0
2023-02-08,27161.0
2023-02-09,27504.0
2023-02-10,27268.0
2023-02-13,27439.0
2023-02-14,27498.0
2023-02-15,27534.0
2023-02-16,27854.0
2023-02-17,27751.0
2023-02-20,27597.0
2023-02-21,27409.0
2023-02-22,27102.0
2023-02-23,27278.0
2023-02-24,26986.0
2023-02-27,27444.0
2023-02-28,27478.0
2023-03-01,27315.0
2023-03-02,27398.0
2023-03-03,27825.0
2023-03-06,27949.0
2023-03-07,27762.0
2023-03-08,27912.0
2023-03-09,27711.0
2023-03-10,27282.0
2023-03-13,26184.0
2023-03-14,26801.0
2023-03-15,25566.0
2023-03-16,25919.0
2023-03-17,25495.0
2023-03-20,25900.0
2023-03-21,26554.0
2023-03-22,26523.0
2023-03-23,26482.0
2023-03-24,25892.0
2023-03-27,26207.0
2023-03-28,26329.0
2023-03-29,26739.0
2023-03-30,27021.0
2023-03-31,27114.0
2023-04-03,27179.0
2023-04-04,27027.0
2023-04-05,26867.0
2023-04-06,27214.0
2023-04-11,27526.0
2023-04-12,27629.0
2023-04-13,27627.0
2023-04-14,27872.0
2023-04-17,27700.0
2023-04-18,27891.0
2023-04-19,27934.0
2023-04-20,27627.0
2023-04-21,27746.0
2023-04-24,27537.0
2023-04-25,27253.0
2023-04-26,27108.0
2023-04-27,27158.0
2023-04-28,27077.0
2023-05-02,26630.0
2023-05-03,26835.0
2023-05-04,26670.0
2023-05-05,27349.0
2023-05-08,27426.0
2023-05-09,27384.0
2023-05-10,27265.0
2023-05-11,27099.0
2023-05-12,27347.0
2023-05-15,27245.0
2023-05-16,27199.0
2023-05-17,27196.0
2023-05-18,27236.0
2023-05-19,27520.0
2023-05-22,27311.0
2023-05-23,27175.0
2023-05-24,26525.0
2023-05-25,26408.0
2023-05-26,26713.0
2023-05-29,26617.0
2023-05-30,26576.0
2023-05-31,26051.0
2023-06-01,26576.0
2023-06-02,27068.0
2023-06-05,26857.0
2023-06-06,27037.0
2023-06-07,27056.0
2023-06-08,27275.0
2023-06-09,27162.0
2023-06-12,27410.0
2023-06-13,27566.0
2023-06-14,27809.0
2023-06-15,27732.0
2023-06-16,27862.0
2023-06-19,27754.0
2023-06-20,27576.0
2023-06-21,27609.0
2023-06-22,27410.0
2023-06-23,27210.0
2023-06-26,27243.0
2023-06-27,27401.0
2023-06-28,27637.0
2023-06-29,27928.0
2023-06-30,28231.0
2023-07-03,28447.0
2023-07-04,28387.0
2023-07-05,28220.0
2023-07-06,27507.0
2023-07-07,27778.0
2023-07-10,27872.0
2023-07-11,28062.0
2023-07-12,28552.0
2023-07-13,28775.0
2023-07-14,28663.0
2023-07-17,28609.0
2023-07-18,28707.0
2023-07-19,28712.0
2023-07-20,28816.0
2023-07-21,28855.0
2023-07-24,28908.0
2023-07-25,28966.0
2023-07-26,28980.0
2023-07-27,29598.0
2023-07-28,29500.0
2023-07-31,29645.0
2023-08-01,29356.0
2023-08-02,28975.0
2023-08-03,28703.0
2023-08-04,28586.0
2023-08-07,28548.0
2023-08-08,27942.0
2023-08-09,28308.0
2023-08-10,28575.0
2023-08-11,28275.0
2023-08-14,28435.0
2023-08-16,28170.0
2023-08-17,27879.0
2023-08-18,27762.0
2023-08-21,27987.0
2023-08-22,28165.0
2023-08-23,28234.0
2023-08-24,28072.0
2023-08-25,28208.0
2023-08-28,28545.0
2023-08-29,28890.0
2023-08-30,28917.0
2023-08-31,28832.0
2023-09-01,28650.0
2023-09-04,28647.0
2023-09-05,28652.0
2023-09-06,28211.0
2023-09-07,28156.0
2023-09-08,28233.0
2023-09-11,28525.0
2023-09-12,28585.0
2023-09-13,28482.0
2023-09-14,28873.0
2023-09-15,28895.0
2023-09-18,28586.0
2023-09-19,28758.0
2023-09-20,29229.0
2023-09-21,28709.0
2023-09-22,28576.0
2023-09-25,28382.0
2023-09-26,28099.0
2023-09-27,28012.0
2023-09-28,28163.0
2023-09-29,28243.0
2023-10-02,27850.0
2023-10-03,27482.0
2023-10-04,27436.0
2023-10-05,27491.0
2023-10-06,27811.0
2023-10-09,27682.0
2023-10-10,28318.0
2023-10-11,28419.0
2023-10-12,28493.0
2023-10-13,28237.0
2023-10-16,28392.0
2023-10-17,28367.0
2023-10-18,28136.0
2023-10-19,27747.0
2023-10-20,27357.0
2023-10-23,27559.0
2023-10-24,27573.0
2023-10-25,27429.0
2023-10-26,27508.0
2023-10-27,27287.0
2023-10-30,27340.0
2023-10-31,27742.0
2023-11-01,27985.0
2023-11-02,28479.0
2023-11-03,28675.0
2023-11-06,28593.0
2023-11-07,28396.0
2023-11-08,28433.0
2023-11-09,28644.0
2023-11-10,28504.0
2023-11-13,28925.0
2023-11-14,29344.0
2023-11-15,29467.0
2023-11-16,29258.0
2023-11-17,29498.0
2023-11-20,29542.0
2023-11-21,29153.0
2023-11-22,29155.0
2023-11-23,29236.0
2023-11-24,29432.0
2023-11-27,29342.0
2023-11-28,29377.0
2023-11-29,29688.0
2023-11-30,29737.0
2023-12-01,29928.0
2023-12-04,29914.0
2023-12-05,30083.0
2023-12-06,30326.0
2023-12-07,30122.0
2023-12-08,30404.0
2023-12-11,30427.0
2023-12-12,30342.0
2023-12-13,30296.0
2023-12-14,30359.0
2023-12-15,30374.0
2023-12-18,30241.0
2023-12-19,30364.0
2023-12-20,30361.0
2023-12-21,30274.0
2023-12-22,30353.0
2023-12-27,30422.0
2023-12-28,30331.0
2023-12-29,30352.0
2024-01-02,30525.0
2024-01-03,30101.0
2024-01-04,30404.0
2024-01-05,30441.0
2024-01-08,30570.0
2024-01-09,30409.0
2024-01-10,30451.0
2024-01-11,30249.0
2024-01-12,30471.0
2024-01-15,30328.0
2024-01-16,30338.0
2024-01-17,30099.0
2024-01-18,30351.0
2024-01-19,30284.0
2024-01-22,30182.0
2024-01-23,30077.0
2024-01-24,30338.0
2024-01-25,30158.0
2024-01-26,30379.0
2024-01-29,30234.0
2024-01-30,30623.0
2024-01-31,30744.0
2024-02-01,30689.0
2024-02-02,30718.0
2024-02-05,30953.0
2024-02-06,31117.0
2024-02-07,30976.0
2024-02-08,31064.0
2024-02-09,31156.0
2024-02-12,31457.0
2024-02-13,31134.0
2024-02-14,31329.0
2024-02-15,31694.0
2024-02-16,31732.0
2024-02-19,31676.0
2024-02-20,31701.0
2024-02-21,32018.0
2024-02-22,32356.0
2024-02-23,32701.0
2024-02-26,32558.0
2024-02-27,32706.0
2024-02-28,32618.0
2024-02-29,32581.0
2024-03-01,32934.0
2024-03-04,32912.0
2024-03-05,33146.0
2024-03-06,33364.0
2024-03-07,33419.0
2024-03-08,33404.0
2024-03-11,33315.0
2024-03-12,33753.0
2024-03-13,33885.0
2024-03-14,33786.0
2024-03-15,33940.0
2024-03-18,33941.0
2024-03-19,34262.0
2024-03-20,34293.0
2024-03-21,34328.0
2024-03-22,34344.0
2024-03-25,34639.0
2024-03-26,34688.0
2024-03-27,34760.0
2024-03-28,34750.0
2024-04-02,34325.0
2024-04-03,34481.0
2024-04-04,34455.0
2024-04-05,34011.0
2024-04-08,34316.0
2024-04-09,33946.0
2024-04-10,34040.0
2024-04-11,33714.0
2024-04-12,33764.0
2024-04-15,33954.0
2024-04-16,33394.0
2024-04-17,33633.0
2024-04-18,33882.0
2024-04-19,33922.0
2024-04-22,33725.0
2024-04-23,34364.0
2024-04-24,34271.0
2024-04-25,33940.0
2024-04-26,34250.0
2024-04-29,34296.0
2024-04-30,33747.0
2024-05-02,33736.0
2024-05-03,33629.0
2024-05-06,33987.0
2024-05-07,34242.0
2024-05-08,34151.0
2024-05-09,34339.0
2024-05-10,34657.0
2024-05-13,34816.0
2024-05-14,35151.0
2024-05-15,35366.0
2024-05-16,35410.0
2024-05-17,35399.0
2024-05-20,34825.0
2024-05-21,34604.0
2024-05-22,34461.0
2024-05-23,34468.0
2024-05-24,34491.0
2024-05-27,34762.0
2024-05-28,34660.0
2024-05-29,34151.0
2024-05-30,34448.0
2024-05-31,34492.0
2024-06-03,34670.0
2024-06-04,34276.0
2024-06-05,34508.0
2024-06-06,34834.0
2024-06-07,34660.0
2024-06-10,34542.0
2024-06-11,33874.0
2024-06-12,34359.0
2024-06-13,33610.0
2024-06-14,32665.0
2024-06-17,32908.0
2024-06-18,33316.0
2024-06-19,33220.0
2024-06-20,33675.0
2024-06-21,33309.0
2024-06-24,33835.0
2024-06-25,33707.0
2024-06-26,33542.0
2024-06-27,33187.0
2024-06-28,33154.0
2024-07-01,33717.0
2024-07-02,33481.0
2024-07-03,33845.0
2024-07-04,34106.0
2024-07-05,33988.0
2024-07-08,34047.0
2024-07-09,33864.0
2024-07-10,34306.0
2024-07-11,34318.0
2024-07-12,34581.0
2024-07-15,34376.0
2024-07-16,34369.0
2024-07-17,34380.0
2024-07-18,34529.0
2024-07-19,34216.0
2024-07-22,34615.0
2024-07-23,34638.0
2024-07-24,34472.0
2024-07-25,33771.0
2024-07-26,33812.0
2024-07-29,33641.0
2024-07-30,33908.0
2024-07-31,33764.0
2024-08-01,32857.0
2024-08-02,32019.0
2024-08-05,31294.0
2024-08-06,31107.0
2024-08-07,31832.0
2024-08-08,31742.0
2024-08-09,31782.0
2024-08-12,31928.0
2024-08-13,32006.0
2024-08-14,32328.0
2024-08-16,33041.0
2024-08-19,33266.0
2024-08-20,33076.0
2024-08-21,33312.0
2024-08-22,33311.0
2024-08-23,33650.0
2024-08-26,33605.0
2024-08-27,33779.0
2024-08-28,33880.0
2024-08-29,34192.0
2024-08-30,34373.0
2024-09-02,34321.0
2024-09-03,33863.0
2024-09-04,33682.0
2024-09-05,33685.0
2024-09-06,33291.0
2024-09-09,33590.0
2024-09-10,33213.0
2024-09-11,33174.0
2024-09-12,33454.0
2024-09-13,33568.0
2024-09-16,33570.0
2024-09-17,33780.0
2024-09-18,33655.0
2024-09-19,34045.0
2024-09-20,33762.0
2024-09-23,33680.0
2024-09-24,33881.0
2024-09-25,33841.0
2024-09-26,34409.0
2024-09-27,34727.0
2024-09-30,34125.0
2024-10-01,33771.0
2024-10-02,33675.0
2024-10-03,33170.0
2024-10-04,33594.0
2024-10-07,33815.0
2024-10-08,33734.0
2024-10-09,33933.0
2024-10-10,34077.0
2024-10-11,34308.0
2024-10-14,34681.0
2024-10-15,34578.0
2024-10-16,34660.0
2024-10-17,35039.0
2024-10-18,35204.0
2024-10-21,34956.0
2024-10-22,34734.0
2024-10-23,34697.0
2024-10-24,34699.0
2024-10-25,34776.0
2024-10-28,35016.0
2024-10-29,34926.0
2024-10-30,34503.0
2024-10-31,34281.0
2024-11-01,34676.0
2024-11-04,34541.0
2024-11-05,34472.0
2024-11-06,33941.0
2024-11-07,33981.0
2024-11-08,33817.0
2024-11-11,34344.0
2024-11-12,33607.0
2024-11-13,33708.0
2024-11-14,34358.0
2024-11-15,34192.0
2024-11-18,33758.0
2024-11-19,33325.0
2024-11-20,33228.0
2024-11-21,33295.0
2024-11-22,33495.0
2024-11-25,33428.0
2024-11-26,33168.0
2024-11-27,33090.0
2024-11-28,33260.0
2024-11-29,33415.0
2024-12-02,33483.0
2024-12-03,33829.0
2024-12-04,34084.0
2024-12-05,34626.0
2024-12-06,34750.0
2024-12-09,34560.0
2024-12-10,34525.0
2024-12-11,34731.0
2024-12-12,34857.0
2024-12-13,34889.0
2024-12-16,34740.0
2024-12-17,34315.0
2024-12-18,34401.0
2024-12-19,33787.0
2024-12-20,33766.0
2024-12-23,33740.0
2024-12-27,34161.0
2024-12-30,34186.0
2025-01-02,34375.0
2025-01-03,34128.0
2025-01-06,34781.0
2025-01-07,34939.0
2025-01-08,35109.0
2025-01-09,35316.0
2025-01-10,35090.0
2025-01-13,34799.0
2025-01-14,35125.0
2025-01-15,35647.0
2025-01-16,35820.0
2025-01-17,36268.0
2025-01-20,36144.0
2025-01-21,36059.0
2025-01-22,35854.0
2025-01-23,36113.0
2025-01-24,36201.0
2025-01-27,36191.0
2025-01-28,36147.0
2025-01-29,36372.0
2025-01-30,36430.0
2025-01-31,36472.0
2025-02-03,36219.0
2025-02-04,36719.0
2025-02-05,36581.0
2025-02-06,37122.0
2025-02-07,37056.0
2025-02-10,37242.0
2025-02-11,37582.0
2025-02-12,37531.0
2025-02-13,37908.0
2025-02-14,37978.0
2025-02-17,38328.0
2025-02-18,38554.0
2025-02-19,38348.0
2025-02-20,38249.0
2025-02-21,38421.0
2025-02-24,38473.0
2025-02-25,38715.0
2025-02-26,39225.0
2025-02-27,38623.0
2025-02-28,38655.0
2025-03-03,39069.0
2025-03-04,37736.0
2025-03-05,38519.0
2025-03-06,38780.0
2025-03-07,38593.0
2025-03-10,38226.0
2025-03-11,37698.0
2025-03-12,38307.0
2025-03-13,38000.0
2025-03-14,38655.0
2025-03-17,39022.0
2025-03-18,39534.0
2025-03-19,39713.0
2025-03-20,39188.0
2025-03-21,39036.0
2025-03-24,38973.0
2025-03-25,39385.0
2025-03-26,39058.0
2025-03-27,39099.0
2025-03-28,38739.0
2025-03-31,38052.0
2025-04-01,38557.0
2025-04-02,38454.0
2025-04-03,37071.0
2025-04-04,34649.0
2025-04-07,32854.0
2025-04-08,33657.0
2025-04-09,32731.0
2025-04-10,34277.0
2025-04-11,34028.0
2025-04-14,35007.0
2025-04-15,35844.0
2025-04-16,36068.0
2025-04-17,35980.0
2025-04-22,35948.0
2025-04-23,36458.0
2025-04-24,36809.0
2025-04-25,37348.0
2025-04-28,37466.0
2025-04-29,37875.0
2025-04-30,37605.0
2025-05-02,38328.0
2025-05-05,38476.0
2025-05-06,38560.0
2025-05-07,38320.0
2025-05-08,38974.0
2025-05-09,39370.0
2025-05-12,39922.0
2025-05-13,40077.0
2025-05-14,40357.0
2025-05-15,40419.0
2025-05-16,40656.0
2025-05-19,40167.0
2025-05-20,40522.0
2025-05-21,40551.0
2025-05-22,40257.0
2025-05-23,39475.0
2025-05-26,39988.0
2025-05-27,40125.0
2025-05-28,40128.0
2025-05-29,39983.0
2025-05-30,40087.0
2025-06-02,39984.0
2025-06-03,40074.0
2025-06-04,40081.0
2025-06-05,40379.0
2025-06-06,40602.0
2025-06-09,40462.0
2025-06-10,40208.0
2025-06-11,40180.0
2025-06-12,39948.0
2025-06-13,39439.0
2025-06-16,39929.0
2025-06-17,39387.0
2025-06-18,39419.0
2025-06-19,38942.0
2025-06-20,39231.0
2025-06-23,38841.0
2025-06-24,39474.0
2025-06-25,39319.0
2025-06-26,39351.0
2025-06-27,39742.0
2025-06-30,39792.0
2025-07-01,39561.0
2025-07-02,39785.0
2025-07-03,39943.0
2025-07-04,39622.0
2025-07-07,39914.0
2025-07-08,40183.0
2025-07-09,40821.0
2025-07-10,40528.0
2025-07-11,40078.0
2025-07-14,40186.0
2025-07-15,39921.0
2025-07-16,39763.0
2025-07-17,40129.0
2025-07-18,40312.0
2025-07-21,40167.0
2025-07-22,40165.0
2025-07-23,40697.0
2025-07-24,40600.0
2025-07-25,40726.0
2025-07-28,40732.0
2025-07-29,41234.0
2025-07-30,41638.0
2025-07-31,40988.0
2025-08-01,39943.0
2025-08-04,40697.0
2025-08-05,40744.0
2025-08-06,41010.0
2025-08-07,41393.0
2025-08-08,41624.0
2025-08-11,41584.0
2025-08-12,41935.0
2025-08-13,42186.0
2025-08-14,42654.0
2025-08-18,42642.0
2025-08-19,43021.0
2025-08-20,42865.0
2025-08-21,43013.0
2025-08-22,43310.0
2025-08-25,43228.0
2025-08-26,42655.0
2025-08-27,42349.0
2025-08-28,42447.0
2025-08-29,42196.0
2025-09-01,42410.0
2025-09-02,41728.0
2025-09-03,41785.0
2025-09-04,41990.0
2025-09-05,41608.0
2025-09-08,41724.0
2025-09-09,42008.0
2025-09-10,42060.0
2025-09-11,42432.0
2025-09-12,42566.0
2025-09-15,43054.0
2025-09-16,42505.0
2025-09-17,41955.0
2025-09-18,42308.0
2025-09-19,42312.0
2025-09-22,42423.0
2025-09-23,42478.0
2025-09-24,42423.0
2025-09-25,42242.0
2025-09-26,42646.0
2025-09-29,42554.0
2025-09-30,42725.0
2025-10-01,43080.0
2025-10-02,43078.0
2025-10-03,43258.0
2025-10-06,43146.0
2025-10-07,43071.0
2025-10-08,43484.0
2025-10-09,42792.0
2025-10-10,42048.0
2025-10-13,42168.0
2025-10-14,42076.0
2025-10-15,41907.0
2025-10-16,42374.0
2025-10-17,41758.0
2025-10-20,42392.0
2025-10-21,42648.0
2025-10-22,42210.0
2025-10-23,42382.0
2025-10-24,42487.0
2025-10-27,42912.0
2025-10-28,43129.0
2025-10-29,43243.0
2025-10-30,43202.0
2025-10-31,43175.0
2025-11-03,43223.0
2025-11-04,43262.0
2025-11-05,43438.0
2025-11-06,43069.0
2025-11-07,42918.0
2025-11-10,43896.0
2025-11-11,44439.0
2025-11-12,44793.0
2025-11-13,44755.0
2025-11-14,43995.0
2025-11-17,43767.0
2025-11-18,42839.0
2025-11-19,42651.0
2025-11-20,42918.0
2025-11-21,42662.0
2025-11-24,42298.0
2025-11-25,42699.0
2025-11-26,43130.0
2025-11-27,43220.0
2025-11-28,43357.0
2025-12-01,43259.0
2025-12-02,43355.0
2025-12-03,43381.0
2025-12-04,43519.0
2025-12-05,43433.0
2025-12-08,43433.0
2025-12-09,43575.0
2025-12-10,43465.0
2025-12-11,43702.0
2025-12-12,43514.0
2025-12-15,44117.0
2025-12-16,43990.0
2025-12-17,44099.0
2025-12-18,44463.0
2025-12-19,44758.0
2025-12-22,44594.0
2025-12-23,44607.0
2025-12-29,44436.0
2025-12-30,44945.0
2026-01-02,45374.0
2026-01-05,45847.0
2026-01-06,45753.0
2026-01-07,45559.0
2026-01-08,45672.0
2026-01-09,45719.0
2026-01-12,45732.0
2026-01-13,45525.0
2026-01-14,45647.0
2026-01-15,45850.0
2026-01-16,45800.0
2026-01-19,45196.0
2026-01-20,44713.0
2026-01-21,44488.0
2026-01-22,45091.0
2026-01-23,44832.0
2026-01-26,44950.0
2026-01-27,45440.0
2026-01-28,45139.0
2026-01-29,45076.0
2026-01-30,45527.0
2026-02-02,46005.0
2026-02-03,46421.0
2026-02-04,46636.0
2026-02-05,45820.0
2026-02-06,45877.0
2026-02-09,46823.0
2026-02-10,46803.0
2026-02-11,46511.0
2026-02-12,46223.0
2026-02-13,45431.0
2026-02-16,45419.0
2026-02-17,45764.0
2026-02-18,46361.0
2026-02-19,45794.0
2026-02-20,46473.0
2026-02-23,46699.0
2026-02-24,46652.0
2026-02-25,47170.0
2026-02-26,47426.0
2026-02-27,47210.0
2026-03-02,46280.0
2026-03-03,44468.0
2026-03-04,45337.0
2026-03-05,44609.0
2026-03-06,44152.0
2026-03-09,44025.0
2026-03-10,45202.0
2026-03-11,44773.0
2026-03-12,44456.0
2026-03-13,44317.0
2026-03-16,44348.0
2026-03-17,44888.0
2026-03-18,44741.0
2026-03-19,43701.0
2026-03-20,42841.0
2026-03-23,43190.0
2026-03-24,43370.0
2026-03-25,44013.0
2026-03-26,43702.0
2026-03-27,43379.0
2026-03-30,43823.0
2026-03-31,44310.0
2026-04-01,45715.0
2026-04-02,45625.0
2026-04-07,45412.0
2026-04-08,47092.0
2026-04-09,47328.0
2026-04-10,47609.0
2026-04-13,47527.0
2026-04-14,48176.0
2026-04-15,48156.0
2026-04-16,48027.0
2026-04-17,48869.0
2026-04-20,48207.0
2026-04-21,47903.0
2026-04-22,47785.0
2026-04-23,47907.0
2026-04-24,47656.0
2026-04-27,47674.0
2026-04-28,48040.0
2026-04-29,47796.0
2026-04-30,48246.0
2026-05-04,47478.0
2026-05-05,48558.0
2026-05-06,49697.0
2026-05-07,49291.0
2026-05-08,49290.0
2026-05-11,49665.0
2026-05-12,48991.0
2026-05-13,49481.0
2026-05-14,50050.0
2026-05-15,49116.0
2026-05-18,48669.0
2026-05-19,48355.0
2026-05-20,49182.0
2026-05-21,49169.0
2026-05-22,49511.0
2026-05-25,50220.0
2026-05-26,49899.0
2026-05-27,49579.0
2026-05-28,49825.0
2026-05-29,50037.0
2026-06-01,49775.0
2026-06-02,50579.0
2026-06-03,50038.0
2026-06-04,50174.0
2026-06-05,49893.0
2026-06-08,50208.0
2026-06-10,50196.48828125
